<?xml version="1.0" encoding="utf-8"?>
<install version="2.5" type="plugin" group="content" method="upgrade">
	<name>tsj plg_sqlcon</name>
	<creationDate>Mart 2013</creationDate>
   <author>Shibin Roman</author>
   <authorEmail>rsa_m@mail.ru</authorEmail>
   <authorUrl>http://resea.ru</authorUrl>
   <copyright>Copyright 2012-2013 Shibin Roman</copyright>
   <license>GNU/GPL3</license>
   <!-- The version string is recorded in the components table -->
   <version>2.0.0</version>
   <!-- The description is optional and defaults to the name -->
	<description>Плагин для вывода в контекст значений полей базы данных</description>

	<files>
		<filename plugin="sqlcon">sqlcon.php</filename>
		<filename>index.html</filename>
	</files>
	
	<languages>
		<language tag="en-GB">language/en-GB/en-GB.plg_sqlcon.ini</language>
		<language tag="en-GB">language/en-GB/en-GB.plg_sqlcon.sys.ini</language>
		<language tag="ru-RU">language/ru-RU/ru-RU.plg_sqlcon.ini</language>
		<language tag="ru-RU">language/ru-RU/ru-RU.plg_sqlcon.sys.ini</language>
	</languages>
	
</install>
