<?xml version="1.0" encoding="utf-8"?>
<extension type="component" version="3.3.0" method="upgrade">

   <name>COM_TSJ</name>
   <!-- The following elements are optional and free of formatting constraints -->
   <creationDate>January 2013</creationDate>
   <author>Shibin Roman</author>
   <authorEmail>rsa_m@mail.ru</authorEmail>
   <authorUrl>http://resea.ru</authorUrl>
   <copyright>Copyright 2012-2014 Shibin Roman</copyright>
   <license>GNU/GPL3</license>
   <!-- The version string is recorded in the components table -->
   <version>3.0.3</version>
   <!-- The description is optional and defaults to the name -->
   <description>COM_TSJ_DESCRIPTION</description>

   <install> <!-- Runs on install -->
      <sql>
         <file driver="mysql" charset="utf8">sql/install.mysql.utf8.sql</file>
      </sql>
   </install>

   <uninstall> <!-- Runs on uninstall -->
      <sql>
         <file driver="mysql" charset="utf8">sql/uninstall.mysql.utf8.sql</file>
      </sql>
   </uninstall>

   <update> <!-- Runs on update; New in 2.5 -->
      <schemas>
         <schemapath type="mysql">sql/updates/mysql</schemapath>
      </schemas>
   </update>

   <!-- Site Main File Copy Section -->
   <!-- Note the folder attribute: This attribute describes the folder
   to copy FROM in the package to install therefore files copied
   in this section are copied from /site/ in the package -->
   <files folder="site">
      <filename>index.html</filename>
      <filename>tsj.php</filename>
      <filename>controller.php</filename>
      <folder>controllers</folder>
      <folder>models</folder>
      <folder>views</folder>
      <folder>language</folder>
      <folder>helpers</folder>
   </files>
   <languages folder="site">
      <language tag="en-GB">language/en-GB/en-GB.com_tsj.ini</language>
      <language tag="ru-RU">language/ru-RU/ru-RU.com_tsj.ini</language>
   </languages>
    
   <media destination="com_tsj" folder="media">
      <filename>index.html</filename>
      <folder>images</folder>
      <folder>js</folder>
   </media>

   <administration>
      <!-- Administration Menu Section -->
      <menu link="option=com_tsj&amp;view=tsjs" img="../media/com_tsj/images/jkx16.png"
			alt="">COM_TSJ_MENU</menu>
      <submenu>
         <menu link="option=com_tsj&amp;view=waters" img="../media/com_tsj/images/water16.png"
            alt="">COM_TSJ_SUBMENU_WATER</menu>
			<menu link="option=com_tsj&amp;view=gazs" img="../media/com_tsj/images/gaz16.png"
				alt="">COM_TSJ_SUBMENU_GAZ</menu>
         <menu link="option=com_tsj&amp;view=electros" img="../media/com_tsj/images/el16.png"
				alt="">COM_TSJ_SUBMENU_ELECTRO</menu>
         <menu link="option=com_tsj&amp;view=requests" img="../media/com_tsj/images/request16.png"
				alt="">COM_TSJ_SUBMENU_REQUEST</menu>
         <menu link="option=com_tsj&amp;view=hscs" img="../media/com_tsj/images/hsc16.png"
				alt="">COM_TSJ_SUBMENU_HSCOUNTER</menu>
         <menu link="option=com_tsj&amp;view=tarifs" img="../media/com_tsj/images/tarif16.png"
				alt="">COM_TSJ_SUBMENU_TARIF</menu>
         <menu link="option=com_tsj&amp;view=payments" img="../media/com_tsj/images/payments16.png"
				alt="">COM_TSJ_SUBMENU_PAYMENT</menu>
		</submenu>

      <!-- Administration Main File Copy Section -->
      <!-- Note the folder attribute: This attribute describes the folder
      to copy FROM in the package to install therefore files copied
      in this section are copied from /admin/ in the package -->
      <files folder="admin">
         <!-- Admin Main File Copy Section -->
         <filename>index.html</filename>
         <filename>tsj.php</filename>
         <filename>controller.php</filename>
         <filename>config.xml</filename>
         <filename>access.xml</filename>
         <!-- views files section -->
         <folder>views</folder>
         <!-- SQL files section -->
         <folder>sql</folder>
         <!-- tables files section -->
			<folder>tables</folder>
			<!-- models files section -->
			<folder>models</folder>
         <!-- controllers files section -->
         <folder>controllers</folder>
         <!-- buttons files section -->
         <folder>buttons</folder>
         <!-- helpers files section -->
         <folder>helpers</folder>
         <!-- images files section -->
         <folder>images</folder>
			<!-- help files section -->
         <folder>help</folder>
      </files>

      <languages folder="admin">
         <language tag="en-GB">language/en-GB/en-GB.com_tsj.ini</language>
         <language tag="en-GB">language/en-GB/en-GB.com_tsj.sys.ini</language>
         <language tag="ru-RU">language/ru-RU/ru-RU.com_tsj.ini</language>
         <language tag="ru-RU">language/ru-RU/ru-RU.com_tsj.sys.ini</language>
      </languages>
   </administration>

</extension>