<?xml version="1.0" encoding="utf-8"?>
<extension type="module" version="2.5" client="site" method="upgrade">
   <name>tsj mod_tsj_notice</name>
   <creationDate>April 2013</creationDate>
   <author>Shibin Roman</author>
   <authorEmail>rsa_m@mail.ru</authorEmail>
   <authorUrl>http://resea.ru</authorUrl>
   <copyright>Copyright 2012-2013 Shibin Roman</copyright>
   <license>GNU/GPL3</license>
   <!-- The version string is recorded in the components table -->
   <version>2.0.0</version>
   <description>Module TSJ Notice</description>
	
   <files>
      <filename module="mod_tsj_notice">mod_tsj_notice.php</filename>
		<filename>helper.php</filename>
      <filename>index.html</filename>
      <filename>tmpl/default.php</filename>
      <filename>tmpl/index.html</filename>
		<filename>tmpl/css/index.html</filename>
		<filename>tmpl/css/style.css</filename>
   </files>
   <params>
   <param name="moduleclass_sfx" type="text" default="" label="Module Class Suffix" description="PARAMMODULECLASSSUFFIX" />
   <param name="source_sec" type="section" default="" label="Раздел" description="Укажите желаемый раздел для вывода превью" />
   <param name="source_cat" type="category" default="" label="Категория" description="Укажите желаемую категорию раздела для вывода превью" />
   <param name="show_all" type="radio" default="0" label="Без раздела и категории" description="Вывод материалов без учета раздела и категориии">
   <option value="0">Нет</option>
   <option value="1">Да</option>
   </param>
   <param name="count" type="text" default="10" label="Количество" description="Укажите желаемое количество выводимых материалов" />
   <param name="template" type="filelist" default="default.php" directory="/modules/mod_tsj_notice/tmpl" filter="\.php$" hide_none="1" hide_default="1" label="Шаблон" description="Выберите шаблон модуля" />
   </params>
</extension>