<?xml version="1.0" encoding="utf-8"?>
<extension type="module" version="3.3.0" client="site" method="upgrade">
	<name>tsj mod_tsj_water_notice</name>
	<creationDate>April 2013</creationDate>
   <author>Shibin Roman</author>
   <authorEmail>rsa_m@mail.ru</authorEmail>
   <authorUrl>http://resea.ru</authorUrl>
   <copyright>Copyright 2012-2013 Shibin Roman</copyright>
   <license>GNU/GPL3</license>
   <!-- The version string is recorded in the components table -->
   <version>3.0.1</version>
	<description>Module TSJ Water Notice</description>
	
	<files>
		<filename module="mod_tsj_water_notice">mod_tsj_water_notice.php</filename>
		<filename>helper.php</filename>
		<filename>index.html</filename>
		<filename>tmpl/default.php</filename>
		<filename>tmpl/index.html</filename>
		<filename>tmpl/css/index.html</filename>
		<filename>tmpl/css/style.css</filename>
	</files>
	
	<languages>
		<language tag="ru-RU">language/ru-RU/ru-RU.mod_tsj_water_notice.ini
		</language>
		<language tag="en-GB">language/en-GB/en-GB.mod_tsj_water_notice.ini
		</language>
	</languages>
	
	<params>
		<param name="moduleclass_sfx" type="text" default=""
			label="Module Class Suffix" />
		<param name="username" type="text" default="" label="USERNAME" />
		<param name="count" type="text" default="" label="COUNT" />
	</params>
</extension>